user_id,latitude,longitude,accuracy,provider,timestamp,address,country,province,city,district,street,adcode,town,location_describe,received_at,ip
default_user,31.293022,121.218486,40.0,network,2026-04-16 16:29:09,中国上海市嘉定区安亭镇嘉二路,中国,上海市,上海市,嘉定区,嘉二路,310114,安亭镇,在同济大学嘉定校区图书馆附近,2026-04-16T16:29:12.221608,222.66.185.181
default_user,31.293022,121.218486,40.0,network,2026-04-16 16:29:19,中国上海市嘉定区安亭镇嘉二路,中国,上海市,上海市,嘉定区,嘉二路,310114,安亭镇,在同济大学嘉定校区图书馆附近,2026-04-16T16:29:22.176345,222.66.185.181
default_user,31.293022,121.218486,40.0,network,2026-04-16 16:29:19,,,,,,,,,,2026-04-16T16:29:32.134192,222.66.185.181
default_user,31.293022,121.218486,40.0,network,2026-04-16 16:29:39,中国上海市嘉定区安亭镇嘉二路,中国,上海市,上海市,嘉定区,嘉二路,310114,安亭镇,在同济大学嘉定校区图书馆附近,2026-04-16T16:29:42.437045,222.66.185.181
default_user,31.293022,121.218486,40.0,network,2026-04-16 16:29:39,,,,,,,,,,2026-04-16T16:29:52.199858,222.66.185.181
default_user,31.293022,121.218486,40.0,network,2026-04-16 16:29:59,中国上海市嘉定区安亭镇嘉二路,中国,上海市,上海市,嘉定区,嘉二路,310114,安亭镇,在同济大学嘉定校区图书馆附近,2026-04-16T16:30:02.303609,222.66.185.181
default_user,31.293022,121.218486,40.0,network,2026-04-16 16:30:09,中国上海市嘉定区安亭镇嘉二路,中国,上海市,上海市,嘉定区,嘉二路,310114,安亭镇,在同济大学嘉定校区图书馆附近,2026-04-16T16:30:12.319684,222.66.185.181
default_user,31.293022,121.218486,40.0,network,2026-04-16 16:30:19,中国上海市嘉定区安亭镇嘉二路,中国,上海市,上海市,嘉定区,嘉二路,310114,安亭镇,在同济大学嘉定校区图书馆附近,2026-04-16T16:30:22.263521,222.66.185.181
default_user,31.293022,121.218486,40.0,network,2026-04-16 16:30:19,,,,,,,,,,2026-04-16T16:30:32.229468,222.66.185.181
default_user,31.293022,121.218486,40.0,network,2026-04-16 16:30:39,中国上海市嘉定区安亭镇嘉二路,中国,上海市,上海市,嘉定区,嘉二路,310114,安亭镇,在同济大学嘉定校区图书馆附近,2026-04-16T16:30:42.609712,222.66.185.181
default_user,31.293022,121.218486,40.0,network,2026-04-16 16:30:49,中国上海市嘉定区安亭镇嘉二路,中国,上海市,上海市,嘉定区,嘉二路,310114,安亭镇,在同济大学嘉定校区图书馆附近,2026-04-16T16:30:52.369809,222.66.185.181
default_user,31.293022,121.218486,40.0,network,2026-04-16 16:30:49,,,,,,,,,,2026-04-16T16:31:02.242586,222.66.185.181
default_user,31.293022,121.218486,40.0,network,2026-04-16 16:31:09,中国上海市嘉定区安亭镇嘉二路,中国,上海市,上海市,嘉定区,嘉二路,310114,安亭镇,在同济大学嘉定校区图书馆附近,2026-04-16T16:31:12.388122,222.66.185.181
default_user,31.293022,121.218486,40.0,network,2026-04-16 16:31:19,中国上海市嘉定区安亭镇嘉二路,中国,上海市,上海市,嘉定区,嘉二路,310114,安亭镇,在同济大学嘉定校区图书馆附近,2026-04-16T16:31:22.365683,222.66.185.181
default_user,31.293022,121.218486,40.0,network,2026-04-16 16:31:19,,,,,,,,,,2026-04-16T16:31:32.289963,222.66.185.181
default_user,31.293022,121.218486,40.0,network,2026-04-16 16:31:39,中国上海市嘉定区安亭镇嘉二路,中国,上海市,上海市,嘉定区,嘉二路,310114,安亭镇,在同济大学嘉定校区图书馆附近,2026-04-16T16:31:42.477030,222.66.185.181
default_user,31.293022,121.218486,40.0,network,2026-04-16 16:31:49,中国上海市嘉定区安亭镇嘉二路,中国,上海市,上海市,嘉定区,嘉二路,310114,安亭镇,在同济大学嘉定校区图书馆附近,2026-04-16T16:31:52.395277,222.66.185.181
default_user,31.293022,121.218486,40.0,network,2026-04-16 16:31:49,,,,,,,,,,2026-04-16T16:32:02.289310,222.66.185.181
default_user,31.293022,121.218486,40.0,network,2026-04-16 16:32:09,中国上海市嘉定区安亭镇嘉二路,中国,上海市,上海市,嘉定区,嘉二路,310114,安亭镇,在同济大学嘉定校区图书馆附近,2026-04-16T16:32:12.449989,222.66.185.181
default_user,31.293022,121.218486,40.0,network,2026-04-16 16:32:09,,,,,,,,,,2026-04-16T16:32:22.315316,222.66.185.181
default_user,31.293022,121.218486,40.0,network,2026-04-16 16:32:29,中国上海市嘉定区安亭镇嘉二路,中国,上海市,上海市,嘉定区,嘉二路,310114,安亭镇,在同济大学嘉定校区图书馆附近,2026-04-16T16:32:32.463651,222.66.185.181
default_user,31.293022,121.218486,40.0,network,2026-04-16 16:32:39,中国上海市嘉定区安亭镇嘉二路,中国,上海市,上海市,嘉定区,嘉二路,310114,安亭镇,在同济大学嘉定校区图书馆附近,2026-04-16T16:32:42.980387,111.187.54.237
default_user,31.293022,121.218486,40.0,network,2026-04-16 16:32:49,中国上海市嘉定区安亭镇嘉二路,中国,上海市,上海市,嘉定区,嘉二路,310114,安亭镇,在同济大学嘉定校区图书馆附近,2026-04-16T16:32:52.592335,111.187.54.237
default_user,31.293043,121.21852,40.0,network,2026-04-16 17:55:10,中国上海市嘉定区安亭镇嘉二路,中国,上海市,上海市,嘉定区,嘉二路,310114,安亭镇,在同济大学嘉定校区图书馆附近,2026-04-16T17:55:13.851588,222.66.185.181
default_user,31.293043,121.21852,40.0,network,2026-04-16 17:58:18,中国上海市嘉定区安亭镇嘉二路,中国,上海市,上海市,嘉定区,嘉二路,310114,安亭镇,在同济大学嘉定校区图书馆附近,2026-04-16T17:58:21.352908,222.66.185.181
default_user,31.293065,121.218517,40.0,network,2026-04-16 18:32:20,中国上海市嘉定区安亭镇嘉二路,中国,上海市,上海市,嘉定区,嘉二路,310114,安亭镇,在同济大学嘉定校区图书馆附近,2026-04-16T18:32:23.856896,222.66.185.181
default_user,31.29304,121.218515,40.0,network,2026-04-16 18:32:30,中国上海市嘉定区安亭镇嘉二路,中国,上海市,上海市,嘉定区,嘉二路,310114,安亭镇,在同济大学嘉定校区图书馆附近,2026-04-16T18:32:32.971564,111.187.54.237
default_user,31.293051,121.218516,40.0,network,2026-04-16 18:32:40,中国上海市嘉定区安亭镇嘉二路,中国,上海市,上海市,嘉定区,嘉二路,310114,安亭镇,在同济大学嘉定校区图书馆附近,2026-04-16T18:32:43.029992,111.187.54.237
default_user,31.293051,121.218516,40.0,network,2026-04-16 18:32:50,中国上海市嘉定区安亭镇嘉二路,中国,上海市,上海市,嘉定区,嘉二路,310114,安亭镇,在同济大学嘉定校区图书馆附近,2026-04-16T18:32:53.376400,111.187.54.237
default_user,31.293054,121.218507,40.0,network,2026-04-16 18:33:00,中国上海市嘉定区安亭镇嘉二路,中国,上海市,上海市,嘉定区,嘉二路,310114,安亭镇,在同济大学嘉定校区图书馆附近,2026-04-16T18:33:03.310368,111.187.54.237
default_user,31.293054,121.218507,40.0,network,2026-04-16 18:33:10,中国上海市嘉定区安亭镇嘉二路,中国,上海市,上海市,嘉定区,嘉二路,310114,安亭镇,在同济大学嘉定校区图书馆附近,2026-04-16T18:33:13.097834,111.187.54.237
default_user,31.293054,121.218507,40.0,network,2026-04-16 18:33:20,中国上海市嘉定区安亭镇嘉二路,中国,上海市,上海市,嘉定区,嘉二路,310114,安亭镇,在同济大学嘉定校区图书馆附近,2026-04-16T18:33:23.157032,111.187.54.237
default_user,31.293054,121.218507,40.0,network,2026-04-16 18:33:30,中国上海市嘉定区安亭镇嘉二路,中国,上海市,上海市,嘉定区,嘉二路,310114,安亭镇,在同济大学嘉定校区图书馆附近,2026-04-16T18:33:33.248665,111.187.54.237
default_user,31.293054,121.218507,40.0,network,2026-04-16 18:33:41,中国上海市嘉定区安亭镇嘉二路,中国,上海市,上海市,嘉定区,嘉二路,310114,安亭镇,在同济大学嘉定校区图书馆附近,2026-04-16T18:33:46.766243,111.187.54.237
default_user,31.293039,121.218516,40.0,network,2026-04-16 18:33:50,中国上海市嘉定区安亭镇嘉二路,中国,上海市,上海市,嘉定区,嘉二路,310114,安亭镇,在同济大学嘉定校区图书馆附近,2026-04-16T18:33:53.528779,111.187.54.237
default_user,31.293039,121.218516,40.0,network,2026-04-16 18:34:00,中国上海市嘉定区安亭镇嘉二路,中国,上海市,上海市,嘉定区,嘉二路,310114,安亭镇,在同济大学嘉定校区图书馆附近,2026-04-16T18:34:03.261065,111.187.54.237
default_user,31.293039,121.218515,40.0,network,2026-04-16 18:34:10,中国上海市嘉定区安亭镇嘉二路,中国,上海市,上海市,嘉定区,嘉二路,310114,安亭镇,在同济大学嘉定校区图书馆附近,2026-04-16T18:34:13.517947,111.187.54.237
default_user,31.293039,121.218515,40.0,network,2026-04-16 18:34:10,,,,,,,,,,2026-04-16T18:34:23.331325,111.187.54.237
default_user,31.293039,121.218516,40.0,network,2026-04-16 18:34:30,中国上海市嘉定区安亭镇嘉二路,中国,上海市,上海市,嘉定区,嘉二路,310114,安亭镇,在同济大学嘉定校区图书馆附近,2026-04-16T18:34:33.484859,111.187.54.237
default_user,31.293039,121.218516,40.0,network,2026-04-16 18:34:40,中国上海市嘉定区安亭镇嘉二路,中国,上海市,上海市,嘉定区,嘉二路,310114,安亭镇,在同济大学嘉定校区图书馆附近,2026-04-16T18:34:43.422542,111.187.54.237
default_user,31.293039,121.218516,40.0,network,2026-04-16 18:34:50,中国上海市嘉定区安亭镇嘉二路,中国,上海市,上海市,嘉定区,嘉二路,310114,安亭镇,在同济大学嘉定校区图书馆附近,2026-04-16T18:34:54.532035,111.187.54.237
default_user,31.293039,121.218516,40.0,network,2026-04-16 18:35:00,中国上海市嘉定区安亭镇嘉二路,中国,上海市,上海市,嘉定区,嘉二路,310114,安亭镇,在同济大学嘉定校区图书馆附近,2026-04-16T18:35:03.508740,111.187.54.237
default_user,31.293039,121.218516,40.0,network,2026-04-16 18:35:11,中国上海市嘉定区安亭镇嘉二路,中国,上海市,上海市,嘉定区,嘉二路,310114,安亭镇,在同济大学嘉定校区图书馆附近,2026-04-16T18:35:18.190515,111.187.54.237
default_user,31.293039,121.218515,40.0,network,2026-04-16 18:35:21,中国上海市嘉定区安亭镇嘉二路,中国,上海市,上海市,嘉定区,嘉二路,310114,安亭镇,在同济大学嘉定校区图书馆附近,2026-04-16T18:35:23.616187,111.187.54.237
default_user,31.293039,121.218515,40.0,network,2026-04-16 18:35:21,,,,,,,,,,2026-04-16T18:35:34.666383,111.187.54.237
default_user,31.293039,121.218516,40.0,network,2026-04-16 18:35:41,中国上海市嘉定区安亭镇嘉二路,中国,上海市,上海市,嘉定区,嘉二路,310114,安亭镇,在同济大学嘉定校区图书馆附近,2026-04-16T18:35:43.666910,111.187.54.237
default_user,31.293039,121.218516,40.0,network,2026-04-16 18:35:51,中国上海市嘉定区安亭镇嘉二路,中国,上海市,上海市,嘉定区,嘉二路,310114,安亭镇,在同济大学嘉定校区图书馆附近,2026-04-16T18:35:53.755672,111.187.54.237
default_user,31.293039,121.218516,40.0,network,2026-04-16 18:36:01,中国上海市嘉定区安亭镇嘉二路,中国,上海市,上海市,嘉定区,嘉二路,310114,安亭镇,在同济大学嘉定校区图书馆附近,2026-04-16T18:36:03.649846,111.187.54.237
default_user,31.293039,121.218516,40.0,network,2026-04-16 18:36:11,中国上海市嘉定区安亭镇嘉二路,中国,上海市,上海市,嘉定区,嘉二路,310114,安亭镇,在同济大学嘉定校区图书馆附近,2026-04-16T18:36:13.773187,111.187.54.237
default_user,31.293039,121.218515,40.0,network,2026-04-16 18:36:11,,,,,,,,,,2026-04-16T18:36:23.709310,111.187.54.237
default_user,31.293039,121.218515,40.0,network,2026-04-16 18:36:31,中国上海市嘉定区安亭镇嘉二路,中国,上海市,上海市,嘉定区,嘉二路,310114,安亭镇,在同济大学嘉定校区图书馆附近,2026-04-16T18:36:33.875466,111.187.54.237
default_user,31.293039,121.218515,40.0,network,2026-04-16 18:36:31,,,,,,,,,,2026-04-16T18:36:43.886678,111.187.54.237
default_user,31.293039,121.218516,40.0,network,2026-04-16 18:36:51,中国上海市嘉定区安亭镇嘉二路,中国,上海市,上海市,嘉定区,嘉二路,310114,安亭镇,在同济大学嘉定校区图书馆附近,2026-04-16T18:36:53.909998,111.187.54.237
default_user,31.293039,121.218516,40.0,network,2026-04-16 18:37:01,中国上海市嘉定区安亭镇嘉二路,中国,上海市,上海市,嘉定区,嘉二路,310114,安亭镇,在同济大学嘉定校区图书馆附近,2026-04-16T18:37:03.859515,111.187.54.237
default_user,31.293039,121.218516,40.0,network,2026-04-16 18:37:11,中国上海市嘉定区安亭镇嘉二路,中国,上海市,上海市,嘉定区,嘉二路,310114,安亭镇,在同济大学嘉定校区图书馆附近,2026-04-16T18:37:13.982261,111.187.54.237
default_user,31.293039,121.218516,40.0,network,2026-04-16 18:37:21,中国上海市嘉定区安亭镇嘉二路,中国,上海市,上海市,嘉定区,嘉二路,310114,安亭镇,在同济大学嘉定校区图书馆附近,2026-04-16T18:37:23.905083,111.187.54.237
default_user,31.293039,121.218515,40.0,network,2026-04-16 18:37:31,中国上海市嘉定区安亭镇嘉二路,中国,上海市,上海市,嘉定区,嘉二路,310114,安亭镇,在同济大学嘉定校区图书馆附近,2026-04-16T18:37:34.054690,111.187.54.237
default_user,31.293039,121.218515,40.0,network,2026-04-16 18:37:31,,,,,,,,,,2026-04-16T18:37:44.006099,111.187.54.237
default_user,31.293039,121.218515,40.0,network,2026-04-16 18:37:51,中国上海市嘉定区安亭镇嘉二路,中国,上海市,上海市,嘉定区,嘉二路,310114,安亭镇,在同济大学嘉定校区图书馆附近,2026-04-16T18:37:54.253286,111.187.54.237
default_user,31.293039,121.218515,40.0,network,2026-04-16 18:37:51,,,,,,,,,,2026-04-16T18:38:04.061367,111.187.54.237
default_user,31.293039,121.218516,40.0,network,2026-04-16 18:38:11,中国上海市嘉定区安亭镇嘉二路,中国,上海市,上海市,嘉定区,嘉二路,310114,安亭镇,在同济大学嘉定校区图书馆附近,2026-04-16T18:38:14.132596,111.187.54.237
default_user,31.293039,121.218516,40.0,network,2026-04-16 18:38:21,中国上海市嘉定区安亭镇嘉二路,中国,上海市,上海市,嘉定区,嘉二路,310114,安亭镇,在同济大学嘉定校区图书馆附近,2026-04-16T18:38:24.205984,111.187.54.237
default_user,31.293039,121.218515,40.0,network,2026-04-16 18:38:31,中国上海市嘉定区安亭镇嘉二路,中国,上海市,上海市,嘉定区,嘉二路,310114,安亭镇,在同济大学嘉定校区图书馆附近,2026-04-16T18:38:34.235968,111.187.54.237
default_user,31.293039,121.218516,40.0,network,2026-04-16 18:38:41,中国上海市嘉定区安亭镇嘉二路,中国,上海市,上海市,嘉定区,嘉二路,310114,安亭镇,在同济大学嘉定校区图书馆附近,2026-04-16T18:38:44.275891,111.187.54.237
default_user,31.293039,121.218516,40.0,network,2026-04-16 18:38:51,中国上海市嘉定区安亭镇嘉二路,中国,上海市,上海市,嘉定区,嘉二路,310114,安亭镇,在同济大学嘉定校区图书馆附近,2026-04-16T18:38:54.434633,111.187.54.237
default_user,31.293039,121.218516,40.0,network,2026-04-16 18:39:01,中国上海市嘉定区安亭镇嘉二路,中国,上海市,上海市,嘉定区,嘉二路,310114,安亭镇,在同济大学嘉定校区图书馆附近,2026-04-16T18:39:04.369920,111.187.54.237
default_user,31.293039,121.218515,40.0,network,2026-04-16 18:39:01,,,,,,,,,,2026-04-16T18:39:14.372380,111.187.54.237
default_user,31.293039,121.218516,40.0,network,2026-04-16 18:39:21,中国上海市嘉定区安亭镇嘉二路,中国,上海市,上海市,嘉定区,嘉二路,310114,安亭镇,在同济大学嘉定校区图书馆附近,2026-04-16T18:39:24.358245,111.187.54.237
default_user,31.293039,121.218516,40.0,network,2026-04-16 18:39:31,中国上海市嘉定区安亭镇嘉二路,中国,上海市,上海市,嘉定区,嘉二路,310114,安亭镇,在同济大学嘉定校区图书馆附近,2026-04-16T18:39:34.433545,111.187.54.237
default_user,31.293039,121.218516,40.0,network,2026-04-16 18:39:41,中国上海市嘉定区安亭镇嘉二路,中国,上海市,上海市,嘉定区,嘉二路,310114,安亭镇,在同济大学嘉定校区图书馆附近,2026-04-16T18:39:44.517551,111.187.54.237
default_user,31.293039,121.218516,40.0,network,2026-04-16 18:39:51,中国上海市嘉定区安亭镇嘉二路,中国,上海市,上海市,嘉定区,嘉二路,310114,安亭镇,在同济大学嘉定校区图书馆附近,2026-04-16T18:39:54.459885,111.187.54.237
default_user,31.293039,121.218515,40.0,network,2026-04-16 18:40:01,中国上海市嘉定区安亭镇嘉二路,中国,上海市,上海市,嘉定区,嘉二路,310114,安亭镇,在同济大学嘉定校区图书馆附近,2026-04-16T18:40:04.545322,111.187.54.237
default_user,31.293039,121.218515,40.0,network,2026-04-16 18:40:01,,,,,,,,,,2026-04-16T18:40:14.489903,111.187.54.237
default_user,31.293039,121.218516,40.0,network,2026-04-16 18:40:22,中国上海市嘉定区安亭镇嘉二路,中国,上海市,上海市,嘉定区,嘉二路,310114,安亭镇,在同济大学嘉定校区图书馆附近,2026-04-16T18:40:24.534321,111.187.54.237
default_user,31.293039,121.218515,40.0,network,2026-04-16 18:40:32,中国上海市嘉定区安亭镇嘉二路,中国,上海市,上海市,嘉定区,嘉二路,310114,安亭镇,在同济大学嘉定校区图书馆附近,2026-04-16T18:40:34.640108,111.187.54.237
default_user,31.293039,121.218515,40.0,network,2026-04-16 18:40:32,,,,,,,,,,2026-04-16T18:40:44.565494,111.187.54.237
default_user,31.293039,121.218516,40.0,network,2026-04-16 18:40:52,中国上海市嘉定区安亭镇嘉二路,中国,上海市,上海市,嘉定区,嘉二路,310114,安亭镇,在同济大学嘉定校区图书馆附近,2026-04-16T18:40:54.635112,111.187.54.237
default_user,31.293039,121.218515,40.0,network,2026-04-16 18:41:02,中国上海市嘉定区安亭镇嘉二路,中国,上海市,上海市,嘉定区,嘉二路,310114,安亭镇,在同济大学嘉定校区图书馆附近,2026-04-16T18:41:04.692169,111.187.54.237
default_user,31.293039,121.218515,40.0,network,2026-04-16 18:41:02,,,,,,,,,,2026-04-16T18:41:14.657502,111.187.54.237
default_user,31.293039,121.218515,40.0,network,2026-04-16 18:41:22,中国上海市嘉定区安亭镇嘉二路,中国,上海市,上海市,嘉定区,嘉二路,310114,安亭镇,在同济大学嘉定校区图书馆附近,2026-04-16T18:41:24.741828,111.187.54.237
default_user,31.293039,121.218515,40.0,network,2026-04-16 18:41:22,,,,,,,,,,2026-04-16T18:41:34.649105,111.187.54.237
default_user,31.293039,121.218516,40.0,network,2026-04-16 18:41:42,中国上海市嘉定区安亭镇嘉二路,中国,上海市,上海市,嘉定区,嘉二路,310114,安亭镇,在同济大学嘉定校区图书馆附近,2026-04-16T18:41:44.833884,111.187.54.237
default_user,31.293039,121.218516,40.0,network,2026-04-16 18:41:52,中国上海市嘉定区安亭镇嘉二路,中国,上海市,上海市,嘉定区,嘉二路,310114,安亭镇,在同济大学嘉定校区图书馆附近,2026-04-16T18:41:54.869756,111.187.54.237
default_user,31.293039,121.218515,40.0,network,2026-04-16 18:41:52,,,,,,,,,,2026-04-16T18:42:04.777250,111.187.54.237
default_user,31.293039,121.218516,40.0,network,2026-04-16 18:42:12,中国上海市嘉定区安亭镇嘉二路,中国,上海市,上海市,嘉定区,嘉二路,310114,安亭镇,在同济大学嘉定校区图书馆附近,2026-04-16T18:42:14.879501,111.187.54.237
default_user,31.293039,121.218515,40.0,network,2026-04-16 18:42:22,中国上海市嘉定区安亭镇嘉二路,中国,上海市,上海市,嘉定区,嘉二路,310114,安亭镇,在同济大学嘉定校区图书馆附近,2026-04-16T18:42:24.862585,111.187.54.237
default_user,31.293039,121.218515,40.0,network,2026-04-16 18:42:22,,,,,,,,,,2026-04-16T18:42:34.781437,222.66.185.181
default_user,31.293039,121.218516,40.0,network,2026-04-16 18:42:42,中国上海市嘉定区安亭镇嘉二路,中国,上海市,上海市,嘉定区,嘉二路,310114,安亭镇,在同济大学嘉定校区图书馆附近,2026-04-16T18:42:44.902897,222.66.185.181
default_user,31.293039,121.218515,40.0,network,2026-04-16 18:42:52,中国上海市嘉定区安亭镇嘉二路,中国,上海市,上海市,嘉定区,嘉二路,310114,安亭镇,在同济大学嘉定校区图书馆附近,2026-04-16T18:42:54.941198,222.66.185.181
default_user,31.293039,121.218515,40.0,network,2026-04-16 18:42:52,,,,,,,,,,2026-04-16T18:43:04.866376,222.66.185.181
default_user,31.293039,121.218516,40.0,network,2026-04-16 18:43:12,中国上海市嘉定区安亭镇嘉二路,中国,上海市,上海市,嘉定区,嘉二路,310114,安亭镇,在同济大学嘉定校区图书馆附近,2026-04-16T18:43:14.950148,222.66.185.181
default_user,31.293039,121.218515,40.0,network,2026-04-16 18:43:12,,,,,,,,,,2026-04-16T18:43:24.939477,222.66.185.181
default_user,31.293039,121.218515,40.0,network,2026-04-16 18:43:32,中国上海市嘉定区安亭镇嘉二路,中国,上海市,上海市,嘉定区,嘉二路,310114,安亭镇,在同济大学嘉定校区图书馆附近,2026-04-16T18:43:35.004650,222.66.185.181
default_user,31.293039,121.218515,40.0,network,2026-04-16 18:43:32,,,,,,,,,,2026-04-16T18:43:45.004141,222.66.185.181
default_user,31.293039,121.218516,40.0,network,2026-04-16 18:43:52,中国上海市嘉定区安亭镇嘉二路,中国,上海市,上海市,嘉定区,嘉二路,310114,安亭镇,在同济大学嘉定校区图书馆附近,2026-04-16T18:43:55.136763,222.66.185.181
default_user,31.293039,121.218515,40.0,network,2026-04-16 18:43:52,,,,,,,,,,2026-04-16T18:44:05.033103,222.66.185.181
default_user,31.293039,121.218515,40.0,network,2026-04-16 18:44:12,中国上海市嘉定区安亭镇嘉二路,中国,上海市,上海市,嘉定区,嘉二路,310114,安亭镇,在同济大学嘉定校区图书馆附近,2026-04-16T18:44:15.214553,222.66.185.181
default_user,31.293039,121.218515,40.0,network,2026-04-16 18:44:12,,,,,,,,,,2026-04-16T18:44:25.086814,222.66.185.181
default_user,31.293039,121.218516,40.0,network,2026-04-16 18:44:32,中国上海市嘉定区安亭镇嘉二路,中国,上海市,上海市,嘉定区,嘉二路,310114,安亭镇,在同济大学嘉定校区图书馆附近,2026-04-16T18:44:35.178605,222.66.185.181
default_user,31.293039,121.218516,40.0,network,2026-04-16 18:44:42,中国上海市嘉定区安亭镇嘉二路,中国,上海市,上海市,嘉定区,嘉二路,310114,安亭镇,在同济大学嘉定校区图书馆附近,2026-04-16T18:44:45.208449,222.66.185.181
default_user,31.293039,121.218515,40.0,network,2026-04-16 18:44:52,中国上海市嘉定区安亭镇嘉二路,中国,上海市,上海市,嘉定区,嘉二路,310114,安亭镇,在同济大学嘉定校区图书馆附近,2026-04-16T18:44:55.201697,222.66.185.181
default_user,31.293039,121.218515,40.0,network,2026-04-16 18:44:52,,,,,,,,,,2026-04-16T18:45:05.188856,222.66.185.181
default_user,31.293039,121.218515,40.0,network,2026-04-16 18:45:12,中国上海市嘉定区安亭镇嘉二路,中国,上海市,上海市,嘉定区,嘉二路,310114,安亭镇,在同济大学嘉定校区图书馆附近,2026-04-16T18:45:15.330725,222.66.185.181
default_user,31.293039,121.218515,40.0,network,2026-04-16 18:45:12,,,,,,,,,,2026-04-16T18:45:25.282759,222.66.185.181
default_user,31.293039,121.218516,40.0,network,2026-04-16 18:45:32,中国上海市嘉定区安亭镇嘉二路,中国,上海市,上海市,嘉定区,嘉二路,310114,安亭镇,在同济大学嘉定校区图书馆附近,2026-04-16T18:45:35.320404,222.66.185.181
default_user,31.293039,121.218516,40.0,network,2026-04-16 18:45:42,中国上海市嘉定区安亭镇嘉二路,中国,上海市,上海市,嘉定区,嘉二路,310114,安亭镇,在同济大学嘉定校区图书馆附近,2026-04-16T18:45:45.346214,222.66.185.181
default_user,31.293039,121.218516,40.0,network,2026-04-16 18:45:52,中国上海市嘉定区安亭镇嘉二路,中国,上海市,上海市,嘉定区,嘉二路,310114,安亭镇,在同济大学嘉定校区图书馆附近,2026-04-16T18:45:55.347676,222.66.185.181
default_user,31.293039,121.218515,40.0,network,2026-04-16 18:46:02,中国上海市嘉定区安亭镇嘉二路,中国,上海市,上海市,嘉定区,嘉二路,310114,安亭镇,在同济大学嘉定校区图书馆附近,2026-04-16T18:46:05.416311,222.66.185.181
default_user,31.293039,121.218515,40.0,network,2026-04-16 18:46:02,,,,,,,,,,2026-04-16T18:46:15.346872,222.66.185.181
default_user,31.293039,121.218516,40.0,network,2026-04-16 18:46:22,中国上海市嘉定区安亭镇嘉二路,中国,上海市,上海市,嘉定区,嘉二路,310114,安亭镇,在同济大学嘉定校区图书馆附近,2026-04-16T18:46:25.439658,222.66.185.181
default_user,31.293039,121.218516,40.0,network,2026-04-16 18:46:33,中国上海市嘉定区安亭镇嘉二路,中国,上海市,上海市,嘉定区,嘉二路,310114,安亭镇,在同济大学嘉定校区图书馆附近,2026-04-16T18:46:35.495766,222.66.185.181
default_user,31.293039,121.218516,40.0,network,2026-04-16 18:46:43,中国上海市嘉定区安亭镇嘉二路,中国,上海市,上海市,嘉定区,嘉二路,310114,安亭镇,在同济大学嘉定校区图书馆附近,2026-04-16T18:46:45.522270,222.66.185.181
default_user,31.293039,121.218516,40.0,network,2026-04-16 18:46:53,中国上海市嘉定区安亭镇嘉二路,中国,上海市,上海市,嘉定区,嘉二路,310114,安亭镇,在同济大学嘉定校区图书馆附近,2026-04-16T18:46:55.567744,222.66.185.181
default_user,31.293039,121.218515,40.0,network,2026-04-16 18:46:53,,,,,,,,,,2026-04-16T18:47:05.519268,222.66.185.181
default_user,31.293039,121.218516,40.0,network,2026-04-16 18:47:13,中国上海市嘉定区安亭镇嘉二路,中国,上海市,上海市,嘉定区,嘉二路,310114,安亭镇,在同济大学嘉定校区图书馆附近,2026-04-16T18:47:15.671234,222.66.185.181
default_user,31.293039,121.218515,40.0,network,2026-04-16 18:47:13,,,,,,,,,,2026-04-16T18:47:25.553697,222.66.185.181
default_user,31.293039,121.218515,40.0,network,2026-04-16 18:47:33,中国上海市嘉定区安亭镇嘉二路,中国,上海市,上海市,嘉定区,嘉二路,310114,安亭镇,在同济大学嘉定校区图书馆附近,2026-04-16T18:47:35.746093,222.66.185.181
default_user,31.293039,121.218515,40.0,network,2026-04-16 18:47:33,,,,,,,,,,2026-04-16T18:47:45.731004,222.66.185.181
default_user,31.293039,121.218515,40.0,network,2026-04-16 18:47:53,中国上海市嘉定区安亭镇嘉二路,中国,上海市,上海市,嘉定区,嘉二路,310114,安亭镇,在同济大学嘉定校区图书馆附近,2026-04-16T18:47:55.799683,222.66.185.181
default_user,31.293039,121.218516,40.0,network,2026-04-16 18:48:03,中国上海市嘉定区安亭镇嘉二路,中国,上海市,上海市,嘉定区,嘉二路,310114,安亭镇,在同济大学嘉定校区图书馆附近,2026-04-16T18:48:05.742360,222.66.185.181
default_user,31.293039,121.218515,40.0,network,2026-04-16 18:48:13,中国上海市嘉定区安亭镇嘉二路,中国,上海市,上海市,嘉定区,嘉二路,310114,安亭镇,在同济大学嘉定校区图书馆附近,2026-04-16T18:48:15.943861,222.66.185.181
default_user,31.293039,121.218515,40.0,network,2026-04-16 18:48:13,,,,,,,,,,2026-04-16T18:48:25.792065,222.66.185.181
default_user,31.293039,121.218516,40.0,network,2026-04-16 18:48:33,中国上海市嘉定区安亭镇嘉二路,中国,上海市,上海市,嘉定区,嘉二路,310114,安亭镇,在同济大学嘉定校区图书馆附近,2026-04-16T18:48:35.886071,222.66.185.181
default_user,31.293039,121.218516,40.0,network,2026-04-16 18:48:43,中国上海市嘉定区安亭镇嘉二路,中国,上海市,上海市,嘉定区,嘉二路,310114,安亭镇,在同济大学嘉定校区图书馆附近,2026-04-16T18:48:45.935790,222.66.185.181
default_user,31.293039,121.218516,40.0,network,2026-04-16 18:48:53,中国上海市嘉定区安亭镇嘉二路,中国,上海市,上海市,嘉定区,嘉二路,310114,安亭镇,在同济大学嘉定校区图书馆附近,2026-04-16T18:48:55.994165,222.66.185.181
default_user,31.293039,121.218515,40.0,network,2026-04-16 18:48:53,,,,,,,,,,2026-04-16T18:49:05.914289,222.66.185.181
default_user,31.293039,121.218516,40.0,network,2026-04-16 18:49:13,中国上海市嘉定区安亭镇嘉二路,中国,上海市,上海市,嘉定区,嘉二路,310114,安亭镇,在同济大学嘉定校区图书馆附近,2026-04-16T18:49:16.039628,222.66.185.181
default_user,31.293039,121.218515,40.0,network,2026-04-16 18:49:23,中国上海市嘉定区安亭镇嘉二路,中国,上海市,上海市,嘉定区,嘉二路,310114,安亭镇,在同济大学嘉定校区图书馆附近,2026-04-16T18:49:26.083210,222.66.185.181
default_user,31.293039,121.218515,40.0,network,2026-04-16 18:49:23,,,,,,,,,,2026-04-16T18:49:36.039502,222.66.185.181
default_user,31.293039,121.218516,40.0,network,2026-04-16 18:49:43,中国上海市嘉定区安亭镇嘉二路,中国,上海市,上海市,嘉定区,嘉二路,310114,安亭镇,在同济大学嘉定校区图书馆附近,2026-04-16T18:49:46.077639,222.66.185.181
default_user,31.293039,121.218515,40.0,network,2026-04-16 18:49:53,中国上海市嘉定区安亭镇嘉二路,中国,上海市,上海市,嘉定区,嘉二路,310114,安亭镇,在同济大学嘉定校区图书馆附近,2026-04-16T18:49:56.181162,222.66.185.181
default_user,31.293039,121.218515,40.0,network,2026-04-16 18:49:53,,,,,,,,,,2026-04-16T18:50:06.059945,222.66.185.181
default_user,31.293039,121.218516,40.0,network,2026-04-16 18:50:13,中国上海市嘉定区安亭镇嘉二路,中国,上海市,上海市,嘉定区,嘉二路,310114,安亭镇,在同济大学嘉定校区图书馆附近,2026-04-16T18:50:16.158064,222.66.185.181
default_user,31.293039,121.218515,40.0,network,2026-04-16 18:50:23,中国上海市嘉定区安亭镇嘉二路,中国,上海市,上海市,嘉定区,嘉二路,310114,安亭镇,在同济大学嘉定校区图书馆附近,2026-04-16T18:50:26.240725,222.66.185.181
default_user,31.293039,121.218515,40.0,network,2026-04-16 18:50:23,,,,,,,,,,2026-04-16T18:50:36.211619,222.66.185.181
default_user,31.293039,121.218516,40.0,network,2026-04-16 18:50:43,中国上海市嘉定区安亭镇嘉二路,中国,上海市,上海市,嘉定区,嘉二路,310114,安亭镇,在同济大学嘉定校区图书馆附近,2026-04-16T18:50:46.281646,222.66.185.181
default_user,31.293039,121.218516,40.0,network,2026-04-16 18:50:53,中国上海市嘉定区安亭镇嘉二路,中国,上海市,上海市,嘉定区,嘉二路,310114,安亭镇,在同济大学嘉定校区图书馆附近,2026-04-16T18:50:56.323476,222.66.185.181
default_user,31.293039,121.218516,40.0,network,2026-04-16 18:51:03,中国上海市嘉定区安亭镇嘉二路,中国,上海市,上海市,嘉定区,嘉二路,310114,安亭镇,在同济大学嘉定校区图书馆附近,2026-04-16T18:51:06.332971,222.66.185.181
default_user,31.293039,121.218516,40.0,network,2026-04-16 18:51:13,中国上海市嘉定区安亭镇嘉二路,中国,上海市,上海市,嘉定区,嘉二路,310114,安亭镇,在同济大学嘉定校区图书馆附近,2026-04-16T18:51:16.404961,222.66.185.181
default_user,31.293039,121.218516,40.0,network,2026-04-16 18:51:23,中国上海市嘉定区安亭镇嘉二路,中国,上海市,上海市,嘉定区,嘉二路,310114,安亭镇,在同济大学嘉定校区图书馆附近,2026-04-16T18:51:26.455086,222.66.185.181
default_user,31.293039,121.218515,40.0,network,2026-04-16 18:52:24,,,,,,,,,,2026-04-16T18:52:36.636742,111.187.54.237
default_user,31.293039,121.218516,40.0,network,2026-04-16 18:52:44,中国上海市嘉定区安亭镇嘉二路,中国,上海市,上海市,嘉定区,嘉二路,310114,安亭镇,在同济大学嘉定校区图书馆附近,2026-04-16T18:52:46.700560,111.187.54.237
default_user,31.293039,121.218516,40.0,network,2026-04-16 18:52:54,中国上海市嘉定区安亭镇嘉二路,中国,上海市,上海市,嘉定区,嘉二路,310114,安亭镇,在同济大学嘉定校区图书馆附近,2026-04-16T18:52:56.767295,111.187.54.237
default_user,31.293039,121.218516,40.0,network,2026-04-16 18:53:04,中国上海市嘉定区安亭镇嘉二路,中国,上海市,上海市,嘉定区,嘉二路,310114,安亭镇,在同济大学嘉定校区图书馆附近,2026-04-16T18:53:06.808104,111.187.54.237
default_user,31.293039,121.218515,40.0,network,2026-04-16 18:53:14,中国上海市嘉定区安亭镇嘉二路,中国,上海市,上海市,嘉定区,嘉二路,310114,安亭镇,在同济大学嘉定校区图书馆附近,2026-04-16T18:53:16.812160,111.187.54.237
default_user,31.293039,121.218515,40.0,network,2026-04-16 18:53:14,,,,,,,,,,2026-04-16T18:53:26.752369,111.187.54.237
default_user,31.293039,121.218515,40.0,network,2026-04-16 18:53:34,中国上海市嘉定区安亭镇嘉二路,中国,上海市,上海市,嘉定区,嘉二路,310114,安亭镇,在同济大学嘉定校区图书馆附近,2026-04-16T18:53:36.859174,111.187.54.237
default_user,31.293039,121.218515,40.0,network,2026-04-16 18:53:34,,,,,,,,,,2026-04-16T18:53:46.804889,111.187.54.237
default_user,31.293039,121.218516,40.0,network,2026-04-16 18:53:54,中国上海市嘉定区安亭镇嘉二路,中国,上海市,上海市,嘉定区,嘉二路,310114,安亭镇,在同济大学嘉定校区图书馆附近,2026-04-16T18:53:56.935491,111.187.54.237
default_user,31.293039,121.218515,40.0,network,2026-04-16 18:53:54,,,,,,,,,,2026-04-16T18:54:06.823801,111.187.54.237
default_user,31.293039,121.218516,40.0,network,2026-04-16 18:54:24,中国上海市嘉定区安亭镇嘉二路,中国,上海市,上海市,嘉定区,嘉二路,310114,安亭镇,在同济大学嘉定校区图书馆附近,2026-04-16T18:54:27.010174,111.187.54.237
default_user,31.293039,121.218516,40.0,network,2026-04-16 18:54:34,中国上海市嘉定区安亭镇嘉二路,中国,上海市,上海市,嘉定区,嘉二路,310114,安亭镇,在同济大学嘉定校区图书馆附近,2026-04-16T18:54:37.025640,111.187.54.237
default_user,31.293039,121.218516,40.0,network,2026-04-16 18:54:44,中国上海市嘉定区安亭镇嘉二路,中国,上海市,上海市,嘉定区,嘉二路,310114,安亭镇,在同济大学嘉定校区图书馆附近,2026-04-16T18:54:47.051348,111.187.54.237
default_user,31.293039,121.218516,40.0,network,2026-04-16 18:54:54,中国上海市嘉定区安亭镇嘉二路,中国,上海市,上海市,嘉定区,嘉二路,310114,安亭镇,在同济大学嘉定校区图书馆附近,2026-04-16T18:54:57.011749,111.187.54.237
default_user,31.293039,121.218515,40.0,network,2026-04-16 18:55:04,中国上海市嘉定区安亭镇嘉二路,中国,上海市,上海市,嘉定区,嘉二路,310114,安亭镇,在同济大学嘉定校区图书馆附近,2026-04-16T18:55:07.078147,111.187.54.237
default_user,31.293039,121.218515,40.0,network,2026-04-16 18:55:04,,,,,,,,,,2026-04-16T18:55:17.104221,111.187.54.237
default_user,31.293039,121.218515,40.0,network,2026-04-16 18:55:24,中国上海市嘉定区安亭镇嘉二路,中国,上海市,上海市,嘉定区,嘉二路,310114,安亭镇,在同济大学嘉定校区图书馆附近,2026-04-16T18:55:27.154754,111.187.54.237
default_user,31.293039,121.218515,40.0,network,2026-04-16 18:55:24,,,,,,,,,,2026-04-16T18:55:37.121438,111.187.54.237
default_user,31.293039,121.218516,40.0,network,2026-04-16 18:55:44,中国上海市嘉定区安亭镇嘉二路,中国,上海市,上海市,嘉定区,嘉二路,310114,安亭镇,在同济大学嘉定校区图书馆附近,2026-04-16T18:55:47.265072,111.187.54.237
default_user,31.293039,121.218515,40.0,network,2026-04-16 18:55:54,中国上海市嘉定区安亭镇嘉二路,中国,上海市,上海市,嘉定区,嘉二路,310114,安亭镇,在同济大学嘉定校区图书馆附近,2026-04-16T18:55:57.189844,111.187.54.237
default_user,31.293039,121.218515,40.0,network,2026-04-16 18:55:54,,,,,,,,,,2026-04-16T18:56:07.168935,111.187.54.237
default_user,31.293039,121.218516,40.0,network,2026-04-16 18:56:14,中国上海市嘉定区安亭镇嘉二路,中国,上海市,上海市,嘉定区,嘉二路,310114,安亭镇,在同济大学嘉定校区图书馆附近,2026-04-16T18:56:17.259911,111.187.54.237
default_user,31.293039,121.218515,40.0,network,2026-04-16 18:56:24,中国上海市嘉定区安亭镇嘉二路,中国,上海市,上海市,嘉定区,嘉二路,310114,安亭镇,在同济大学嘉定校区图书馆附近,2026-04-16T18:56:27.415543,111.187.54.237
default_user,31.293039,121.218515,40.0,network,2026-04-16 18:56:24,,,,,,,,,,2026-04-16T18:56:37.275116,111.187.54.237
default_user,31.293039,121.218516,40.0,network,2026-04-16 18:56:44,中国上海市嘉定区安亭镇嘉二路,中国,上海市,上海市,嘉定区,嘉二路,310114,安亭镇,在同济大学嘉定校区图书馆附近,2026-04-16T18:56:47.368878,111.187.54.237
default_user,31.293039,121.218516,40.0,network,2026-04-16 18:56:54,中国上海市嘉定区安亭镇嘉二路,中国,上海市,上海市,嘉定区,嘉二路,310114,安亭镇,在同济大学嘉定校区图书馆附近,2026-04-16T18:56:57.379001,111.187.54.237
default_user,31.293039,121.218515,40.0,network,2026-04-16 18:57:04,中国上海市嘉定区安亭镇嘉二路,中国,上海市,上海市,嘉定区,嘉二路,310114,安亭镇,在同济大学嘉定校区图书馆附近,2026-04-16T18:57:07.350201,111.187.54.237
default_user,31.293039,121.218515,40.0,network,2026-04-16 18:57:04,,,,,,,,,,2026-04-16T18:57:17.382035,111.187.54.237
default_user,31.293048,121.218524,40.0,network,2026-04-16 18:57:24,中国上海市嘉定区安亭镇嘉二路,中国,上海市,上海市,嘉定区,嘉二路,310114,安亭镇,在同济大学嘉定校区图书馆附近,2026-04-16T18:57:27.437479,111.187.54.237
default_user,31.293039,121.218516,40.0,network,2026-04-16 18:57:34,中国上海市嘉定区安亭镇嘉二路,中国,上海市,上海市,嘉定区,嘉二路,310114,安亭镇,在同济大学嘉定校区图书馆附近,2026-04-16T18:57:37.470235,111.187.54.237
default_user,31.293039,121.218516,40.0,network,2026-04-16 18:57:44,中国上海市嘉定区安亭镇嘉二路,中国,上海市,上海市,嘉定区,嘉二路,310114,安亭镇,在同济大学嘉定校区图书馆附近,2026-04-16T18:57:47.776685,111.187.54.237
default_user,31.293048,121.218524,40.0,network,2026-04-16 18:57:54,中国上海市嘉定区安亭镇嘉二路,中国,上海市,上海市,嘉定区,嘉二路,310114,安亭镇,在同济大学嘉定校区图书馆附近,2026-04-16T18:57:57.543645,111.187.54.237
default_user,31.293039,121.218515,40.0,network,2026-04-16 18:58:04,中国上海市嘉定区安亭镇嘉二路,中国,上海市,上海市,嘉定区,嘉二路,310114,安亭镇,在同济大学嘉定校区图书馆附近,2026-04-16T18:58:07.638731,111.187.54.237
default_user,31.293039,121.218516,40.0,network,2026-04-16 18:58:15,中国上海市嘉定区安亭镇嘉二路,中国,上海市,上海市,嘉定区,嘉二路,310114,安亭镇,在同济大学嘉定校区图书馆附近,2026-04-16T18:58:17.572300,111.187.54.237
default_user,31.29304,121.218516,40.0,network,2026-04-16 18:58:25,中国上海市嘉定区安亭镇嘉二路,中国,上海市,上海市,嘉定区,嘉二路,310114,安亭镇,在同济大学嘉定校区图书馆附近,2026-04-16T18:58:27.754424,111.187.54.237
default_user,31.293039,121.218515,40.0,network,2026-04-16 18:58:35,中国上海市嘉定区安亭镇嘉二路,中国,上海市,上海市,嘉定区,嘉二路,310114,安亭镇,在同济大学嘉定校区图书馆附近,2026-04-16T18:58:37.657072,111.187.54.237
default_user,31.293039,121.218515,40.0,network,2026-04-16 18:58:35,,,,,,,,,,2026-04-16T18:58:47.928004,111.187.54.237
default_user,31.293039,121.218516,40.0,network,2026-04-16 18:58:55,中国上海市嘉定区安亭镇嘉二路,中国,上海市,上海市,嘉定区,嘉二路,310114,安亭镇,在同济大学嘉定校区图书馆附近,2026-04-16T18:58:57.619574,111.187.54.237
default_user,31.293039,121.218515,40.0,network,2026-04-16 18:59:05,中国上海市嘉定区安亭镇嘉二路,中国,上海市,上海市,嘉定区,嘉二路,310114,安亭镇,在同济大学嘉定校区图书馆附近,2026-04-16T18:59:07.922423,111.187.54.237
default_user,31.293039,121.218515,40.0,network,2026-04-16 18:59:05,,,,,,,,,,2026-04-16T18:59:17.662590,111.187.54.237
default_user,31.293039,121.218516,40.0,network,2026-04-16 18:59:25,中国上海市嘉定区安亭镇嘉二路,中国,上海市,上海市,嘉定区,嘉二路,310114,安亭镇,在同济大学嘉定校区图书馆附近,2026-04-16T18:59:27.991170,111.187.54.237
default_user,31.293039,121.218516,40.0,network,2026-04-16 18:59:35,中国上海市嘉定区安亭镇嘉二路,中国,上海市,上海市,嘉定区,嘉二路,310114,安亭镇,在同济大学嘉定校区图书馆附近,2026-04-16T18:59:37.856342,111.187.54.237
default_user,31.293039,121.218516,40.0,network,2026-04-16 18:59:45,中国上海市嘉定区安亭镇嘉二路,中国,上海市,上海市,嘉定区,嘉二路,310114,安亭镇,在同济大学嘉定校区图书馆附近,2026-04-16T18:59:47.898890,111.187.54.237
default_user,31.293039,121.218515,40.0,network,2026-04-16 18:59:45,,,,,,,,,,2026-04-16T18:59:57.709448,111.187.54.237
default_user,31.293039,121.218515,40.0,network,2026-04-16 19:00:05,中国上海市嘉定区安亭镇嘉二路,中国,上海市,上海市,嘉定区,嘉二路,310114,安亭镇,在同济大学嘉定校区图书馆附近,2026-04-16T19:00:08.030059,111.187.54.237
default_user,31.293039,121.218515,40.0,network,2026-04-16 19:00:05,,,,,,,,,,2026-04-16T19:00:17.800838,111.187.54.237
default_user,31.293056,121.218526,40.0,network,2026-04-16 19:00:25,中国上海市嘉定区安亭镇嘉二路,中国,上海市,上海市,嘉定区,嘉二路,310114,安亭镇,在同济大学嘉定校区图书馆附近,2026-04-16T19:00:27.947286,111.187.54.237
default_user,31.293056,121.218525,40.0,network,2026-04-16 19:00:35,中国上海市嘉定区安亭镇嘉二路,中国,上海市,上海市,嘉定区,嘉二路,310114,安亭镇,在同济大学嘉定校区图书馆附近,2026-04-16T19:00:37.984119,111.187.54.237
default_user,31.293056,121.218525,40.0,network,2026-04-16 19:00:35,,,,,,,,,,2026-04-16T19:00:48.034213,111.187.54.237
default_user,31.293056,121.218525,40.0,network,2026-04-16 19:00:55,中国上海市嘉定区安亭镇嘉二路,中国,上海市,上海市,嘉定区,嘉二路,310114,安亭镇,在同济大学嘉定校区图书馆附近,2026-04-16T19:00:58.010434,111.187.54.237
default_user,31.293056,121.218525,40.0,network,2026-04-16 19:00:55,,,,,,,,,,2026-04-16T19:01:07.988432,111.187.54.237
default_user,31.293056,121.218526,40.0,network,2026-04-16 19:01:25,中国上海市嘉定区安亭镇嘉二路,中国,上海市,上海市,嘉定区,嘉二路,310114,安亭镇,在同济大学嘉定校区图书馆附近,2026-04-16T19:01:28.134690,111.187.54.237
default_user,31.293056,121.218525,40.0,network,2026-04-16 19:01:35,中国上海市嘉定区安亭镇嘉二路,中国,上海市,上海市,嘉定区,嘉二路,310114,安亭镇,在同济大学嘉定校区图书馆附近,2026-04-16T19:01:38.150269,111.187.54.237
default_user,31.293056,121.218525,40.0,network,2026-04-16 19:01:35,,,,,,,,,,2026-04-16T19:01:48.098156,111.187.54.237
default_user,31.293056,121.218525,40.0,network,2026-04-16 19:01:55,中国上海市嘉定区安亭镇嘉二路,中国,上海市,上海市,嘉定区,嘉二路,310114,安亭镇,在同济大学嘉定校区图书馆附近,2026-04-16T19:01:58.160208,111.187.54.237
default_user,31.293056,121.218525,40.0,network,2026-04-16 19:01:55,,,,,,,,,,2026-04-16T19:02:08.111377,111.187.54.237
default_user,31.293056,121.218526,40.0,network,2026-04-16 19:02:15,中国上海市嘉定区安亭镇嘉二路,中国,上海市,上海市,嘉定区,嘉二路,310114,安亭镇,在同济大学嘉定校区图书馆附近,2026-04-16T19:02:18.114998,111.187.54.237
default_user,31.293057,121.218526,40.0,network,2026-04-16 19:02:25,中国上海市嘉定区安亭镇嘉二路,中国,上海市,上海市,嘉定区,嘉二路,310114,安亭镇,在同济大学嘉定校区图书馆附近,2026-04-16T19:02:28.255782,111.187.54.237
default_user,31.293056,121.218526,40.0,network,2026-04-16 19:02:35,中国上海市嘉定区安亭镇嘉二路,中国,上海市,上海市,嘉定区,嘉二路,310114,安亭镇,在同济大学嘉定校区图书馆附近,2026-04-16T19:02:38.189052,111.187.54.237
default_user,31.293057,121.218526,40.0,network,2026-04-16 19:02:45,中国上海市嘉定区安亭镇嘉二路,中国,上海市,上海市,嘉定区,嘉二路,310114,安亭镇,在同济大学嘉定校区图书馆附近,2026-04-16T19:02:48.295144,111.187.54.237
default_user,31.293057,121.218526,40.0,network,2026-04-16 19:02:45,,,,,,,,,,2026-04-16T19:02:58.194838,111.187.54.237
default_user,31.293056,121.218526,40.0,network,2026-04-16 19:03:05,中国上海市嘉定区安亭镇嘉二路,中国,上海市,上海市,嘉定区,嘉二路,310114,安亭镇,在同济大学嘉定校区图书馆附近,2026-04-16T19:03:08.331117,111.187.54.237
default_user,31.293056,121.218526,40.0,network,2026-04-16 19:03:15,中国上海市嘉定区安亭镇嘉二路,中国,上海市,上海市,嘉定区,嘉二路,310114,安亭镇,在同济大学嘉定校区图书馆附近,2026-04-16T19:03:18.339540,111.187.54.237
default_user,31.293057,121.218526,40.0,network,2026-04-16 19:03:25,中国上海市嘉定区安亭镇嘉二路,中国,上海市,上海市,嘉定区,嘉二路,310114,安亭镇,在同济大学嘉定校区图书馆附近,2026-04-16T19:03:28.386644,111.187.54.237
default_user,31.293057,121.218526,40.0,network,2026-04-16 19:03:25,,,,,,,,,,2026-04-16T19:03:38.309243,111.187.54.237
default_user,31.293057,121.218526,40.0,network,2026-04-16 19:03:45,中国上海市嘉定区安亭镇嘉二路,中国,上海市,上海市,嘉定区,嘉二路,310114,安亭镇,在同济大学嘉定校区图书馆附近,2026-04-16T19:03:48.454043,111.187.54.237
default_user,31.293056,121.218526,40.0,network,2026-04-16 19:03:55,中国上海市嘉定区安亭镇嘉二路,中国,上海市,上海市,嘉定区,嘉二路,310114,安亭镇,在同济大学嘉定校区图书馆附近,2026-04-16T19:03:58.481419,111.187.54.237
default_user,31.293057,121.218526,40.0,network,2026-04-16 19:03:55,,,,,,,,,,2026-04-16T19:04:08.393756,111.187.54.237
default_user,31.293057,121.218526,40.0,network,2026-04-16 19:04:15,中国上海市嘉定区安亭镇嘉二路,中国,上海市,上海市,嘉定区,嘉二路,310114,安亭镇,在同济大学嘉定校区图书馆附近,2026-04-16T19:04:18.522177,111.187.54.237
default_user,31.293056,121.218526,40.0,network,2026-04-16 19:04:25,中国上海市嘉定区安亭镇嘉二路,中国,上海市,上海市,嘉定区,嘉二路,310114,安亭镇,在同济大学嘉定校区图书馆附近,2026-04-16T19:04:28.507082,111.187.54.237
default_user,31.293056,121.218525,40.0,network,2026-04-16 19:04:36,中国上海市嘉定区安亭镇嘉二路,中国,上海市,上海市,嘉定区,嘉二路,310114,安亭镇,在同济大学嘉定校区图书馆附近,2026-04-16T19:04:38.624922,111.187.54.237
default_user,31.293056,121.218525,40.0,network,2026-04-16 19:04:36,,,,,,,,,,2026-04-16T19:04:48.562808,111.187.54.237
default_user,31.293057,121.218526,40.0,network,2026-04-16 19:04:56,中国上海市嘉定区安亭镇嘉二路,中国,上海市,上海市,嘉定区,嘉二路,310114,安亭镇,在同济大学嘉定校区图书馆附近,2026-04-16T19:04:58.653723,111.187.54.237
default_user,31.293057,121.218526,40.0,network,2026-04-16 19:04:56,,,,,,,,,,2026-04-16T19:05:08.580614,111.187.54.237
default_user,31.293056,121.218525,40.0,network,2026-04-16 19:05:16,中国上海市嘉定区安亭镇嘉二路,中国,上海市,上海市,嘉定区,嘉二路,310114,安亭镇,在同济大学嘉定校区图书馆附近,2026-04-16T19:05:18.740067,111.187.54.237
default_user,31.293056,121.218525,40.0,network,2026-04-16 19:05:16,,,,,,,,,,2026-04-16T19:05:28.673565,111.187.54.237
default_user,31.293056,121.218526,40.0,network,2026-04-16 19:05:36,中国上海市嘉定区安亭镇嘉二路,中国,上海市,上海市,嘉定区,嘉二路,310114,安亭镇,在同济大学嘉定校区图书馆附近,2026-04-16T19:05:38.862697,111.187.54.237
default_user,31.293056,121.218526,40.0,network,2026-04-16 19:05:46,中国上海市嘉定区安亭镇嘉二路,中国,上海市,上海市,嘉定区,嘉二路,310114,安亭镇,在同济大学嘉定校区图书馆附近,2026-04-16T19:05:48.803821,111.187.54.237
default_user,31.293056,121.218526,40.0,network,2026-04-16 19:05:56,中国上海市嘉定区安亭镇嘉二路,中国,上海市,上海市,嘉定区,嘉二路,310114,安亭镇,在同济大学嘉定校区图书馆附近,2026-04-16T19:05:58.862303,111.187.54.237
default_user,31.293056,121.218526,40.0,network,2026-04-16 19:06:06,中国上海市嘉定区安亭镇嘉二路,中国,上海市,上海市,嘉定区,嘉二路,310114,安亭镇,在同济大学嘉定校区图书馆附近,2026-04-16T19:06:08.898536,111.187.54.237
default_user,31.293056,121.218526,40.0,network,2026-04-16 19:06:16,中国上海市嘉定区安亭镇嘉二路,中国,上海市,上海市,嘉定区,嘉二路,310114,安亭镇,在同济大学嘉定校区图书馆附近,2026-04-16T19:06:18.858133,111.187.54.237
default_user,31.293057,121.218526,40.0,network,2026-04-16 19:06:26,中国上海市嘉定区安亭镇嘉二路,中国,上海市,上海市,嘉定区,嘉二路,310114,安亭镇,在同济大学嘉定校区图书馆附近,2026-04-16T19:06:29.020922,111.187.54.237
default_user,31.293056,121.218526,40.0,network,2026-04-16 19:06:36,中国上海市嘉定区安亭镇嘉二路,中国,上海市,上海市,嘉定区,嘉二路,310114,安亭镇,在同济大学嘉定校区图书馆附近,2026-04-16T19:06:38.924442,111.187.54.237
default_user,31.293057,121.218526,40.0,network,2026-04-16 19:06:46,中国上海市嘉定区安亭镇嘉二路,中国,上海市,上海市,嘉定区,嘉二路,310114,安亭镇,在同济大学嘉定校区图书馆附近,2026-04-16T19:06:48.997375,111.187.54.237
default_user,31.293057,121.218526,40.0,network,2026-04-16 19:06:46,,,,,,,,,,2026-04-16T19:06:58.967415,111.187.54.237
default_user,31.293056,121.218526,40.0,network,2026-04-16 19:07:06,中国上海市嘉定区安亭镇嘉二路,中国,上海市,上海市,嘉定区,嘉二路,310114,安亭镇,在同济大学嘉定校区图书馆附近,2026-04-16T19:07:09.107484,111.187.54.237
default_user,31.293056,121.218525,40.0,network,2026-04-16 19:07:16,中国上海市嘉定区安亭镇嘉二路,中国,上海市,上海市,嘉定区,嘉二路,310114,安亭镇,在同济大学嘉定校区图书馆附近,2026-04-16T19:07:19.102531,111.187.54.237
default_user,31.293056,121.218525,40.0,network,2026-04-16 19:07:16,,,,,,,,,,2026-04-16T19:07:29.067287,111.187.54.237
default_user,31.293056,121.218525,40.0,network,2026-04-16 19:07:36,中国上海市嘉定区安亭镇嘉二路,中国,上海市,上海市,嘉定区,嘉二路,310114,安亭镇,在同济大学嘉定校区图书馆附近,2026-04-16T19:07:39.145476,111.187.54.237
default_user,31.293056,121.218525,40.0,network,2026-04-16 19:07:36,,,,,,,,,,2026-04-16T19:07:49.145443,111.187.54.237
default_user,31.293056,121.218526,40.0,network,2026-04-16 19:07:56,中国上海市嘉定区安亭镇嘉二路,中国,上海市,上海市,嘉定区,嘉二路,310114,安亭镇,在同济大学嘉定校区图书馆附近,2026-04-16T19:07:59.214582,111.187.54.237
default_user,31.293056,121.218525,40.0,network,2026-04-16 19:07:56,,,,,,,,,,2026-04-16T19:08:09.192642,111.187.54.237
default_user,31.293056,121.218526,40.0,network,2026-04-16 19:08:16,中国上海市嘉定区安亭镇嘉二路,中国,上海市,上海市,嘉定区,嘉二路,310114,安亭镇,在同济大学嘉定校区图书馆附近,2026-04-16T19:08:19.301069,111.187.54.237
default_user,31.293056,121.218525,40.0,network,2026-04-16 19:08:26,中国上海市嘉定区安亭镇嘉二路,中国,上海市,上海市,嘉定区,嘉二路,310114,安亭镇,在同济大学嘉定校区图书馆附近,2026-04-16T19:08:29.309659,111.187.54.237
default_user,31.293056,121.218525,40.0,network,2026-04-16 19:08:26,,,,,,,,,,2026-04-16T19:08:39.268653,111.187.54.237
default_user,31.293057,121.218526,40.0,network,2026-04-16 19:08:46,中国上海市嘉定区安亭镇嘉二路,中国,上海市,上海市,嘉定区,嘉二路,310114,安亭镇,在同济大学嘉定校区图书馆附近,2026-04-16T19:08:49.430509,111.187.54.237
default_user,31.293057,121.218526,40.0,network,2026-04-16 19:08:46,,,,,,,,,,2026-04-16T19:08:59.341823,111.187.54.237
default_user,31.29304,121.218506,40.0,network,2026-04-16 19:09:06,中国上海市嘉定区安亭镇嘉二路,中国,上海市,上海市,嘉定区,嘉二路,310114,安亭镇,在同济大学嘉定校区图书馆附近,2026-04-16T19:09:09.424198,111.187.54.237
default_user,31.293036,121.21851,40.0,network,2026-04-16 19:09:16,中国上海市嘉定区安亭镇嘉二路,中国,上海市,上海市,嘉定区,嘉二路,310114,安亭镇,在同济大学嘉定校区图书馆附近,2026-04-16T19:09:19.481106,111.187.54.237
default_user,31.29304,121.218506,40.0,network,2026-04-16 19:09:26,中国上海市嘉定区安亭镇嘉二路,中国,上海市,上海市,嘉定区,嘉二路,310114,安亭镇,在同济大学嘉定校区图书馆附近,2026-04-16T19:09:29.406158,111.187.54.237
default_user,31.293036,121.21851,40.0,network,2026-04-16 19:09:36,中国上海市嘉定区安亭镇嘉二路,中国,上海市,上海市,嘉定区,嘉二路,310114,安亭镇,在同济大学嘉定校区图书馆附近,2026-04-16T19:09:39.550581,111.187.54.237
default_user,31.293036,121.21851,40.0,network,2026-04-16 19:09:36,,,,,,,,,,2026-04-16T19:09:49.462731,111.187.54.237
default_user,31.29304,121.218506,40.0,network,2026-04-16 19:09:57,中国上海市嘉定区安亭镇嘉二路,中国,上海市,上海市,嘉定区,嘉二路,310114,安亭镇,在同济大学嘉定校区图书馆附近,2026-04-16T19:09:59.538847,111.187.54.237
default_user,31.29304,121.218505,40.0,network,2026-04-16 19:10:07,中国上海市嘉定区安亭镇嘉二路,中国,上海市,上海市,嘉定区,嘉二路,310114,安亭镇,在同济大学嘉定校区图书馆附近,2026-04-16T19:10:09.712801,111.187.54.237
default_user,31.29304,121.218505,40.0,network,2026-04-16 19:10:07,,,,,,,,,,2026-04-16T19:10:19.611112,111.187.54.237
default_user,31.29304,121.218506,40.0,network,2026-04-16 19:10:27,中国上海市嘉定区安亭镇嘉二路,中国,上海市,上海市,嘉定区,嘉二路,310114,安亭镇,在同济大学嘉定校区图书馆附近,2026-04-16T19:10:29.656458,111.187.54.237
default_user,31.293036,121.21851,40.0,network,2026-04-16 19:10:37,中国上海市嘉定区安亭镇嘉二路,中国,上海市,上海市,嘉定区,嘉二路,310114,安亭镇,在同济大学嘉定校区图书馆附近,2026-04-16T19:10:39.714203,111.187.54.237
default_user,31.293036,121.21851,40.0,network,2026-04-16 19:10:37,,,,,,,,,,2026-04-16T19:10:49.642655,111.187.54.237
default_user,31.293036,121.21851,40.0,network,2026-04-16 19:10:57,中国上海市嘉定区安亭镇嘉二路,中国,上海市,上海市,嘉定区,嘉二路,310114,安亭镇,在同济大学嘉定校区图书馆附近,2026-04-16T19:10:59.744987,111.187.54.237
default_user,31.293036,121.21851,40.0,network,2026-04-16 19:10:57,,,,,,,,,,2026-04-16T19:11:09.662940,111.187.54.237
default_user,31.29304,121.218506,40.0,network,2026-04-16 19:11:17,中国上海市嘉定区安亭镇嘉二路,中国,上海市,上海市,嘉定区,嘉二路,310114,安亭镇,在同济大学嘉定校区图书馆附近,2026-04-16T19:11:19.799564,111.187.54.237
default_user,31.29304,121.218505,40.0,network,2026-04-16 19:11:27,中国上海市嘉定区安亭镇嘉二路,中国,上海市,上海市,嘉定区,嘉二路,310114,安亭镇,在同济大学嘉定校区图书馆附近,2026-04-16T19:11:29.802066,111.187.54.237
default_user,31.29304,121.218505,40.0,network,2026-04-16 19:11:27,,,,,,,,,,2026-04-16T19:11:39.720852,111.187.54.237
default_user,31.293036,121.21851,40.0,network,2026-04-16 19:11:47,中国上海市嘉定区安亭镇嘉二路,中国,上海市,上海市,嘉定区,嘉二路,310114,安亭镇,在同济大学嘉定校区图书馆附近,2026-04-16T19:11:49.856894,111.187.54.237
default_user,31.29304,121.218506,40.0,network,2026-04-16 19:11:57,中国上海市嘉定区安亭镇嘉二路,中国,上海市,上海市,嘉定区,嘉二路,310114,安亭镇,在同济大学嘉定校区图书馆附近,2026-04-16T19:11:59.929356,111.187.54.237
default_user,31.293052,121.218512,40.0,network,2026-04-16 19:12:07,中国上海市嘉定区安亭镇嘉二路,中国,上海市,上海市,嘉定区,嘉二路,310114,安亭镇,在同济大学嘉定校区图书馆附近,2026-04-16T19:12:09.871809,111.187.54.237
default_user,31.293036,121.21851,40.0,network,2026-04-16 19:12:17,中国上海市嘉定区安亭镇嘉二路,中国,上海市,上海市,嘉定区,嘉二路,310114,安亭镇,在同济大学嘉定校区图书馆附近,2026-04-16T19:12:19.919694,111.187.54.237
default_user,31.29304,121.218506,40.0,network,2026-04-16 19:12:27,中国上海市嘉定区安亭镇嘉二路,中国,上海市,上海市,嘉定区,嘉二路,310114,安亭镇,在同济大学嘉定校区图书馆附近,2026-04-16T19:12:29.943018,111.187.54.237
default_user,31.293036,121.21851,40.0,network,2026-04-16 19:12:37,中国上海市嘉定区安亭镇嘉二路,中国,上海市,上海市,嘉定区,嘉二路,310114,安亭镇,在同济大学嘉定校区图书馆附近,2026-04-16T19:12:39.985722,111.187.54.237
default_user,31.29304,121.218505,40.0,network,2026-04-16 19:12:47,中国上海市嘉定区安亭镇嘉二路,中国,上海市,上海市,嘉定区,嘉二路,310114,安亭镇,在同济大学嘉定校区图书馆附近,2026-04-16T19:12:50.127620,111.187.54.237
default_user,31.29304,121.218505,40.0,network,2026-04-16 19:12:47,,,,,,,,,,2026-04-16T19:13:00.009025,111.187.54.237
default_user,31.293036,121.21851,40.0,network,2026-04-16 19:13:07,中国上海市嘉定区安亭镇嘉二路,中国,上海市,上海市,嘉定区,嘉二路,310114,安亭镇,在同济大学嘉定校区图书馆附近,2026-04-16T19:13:10.141979,111.187.54.237
default_user,31.293036,121.21851,40.0,network,2026-04-16 19:13:17,中国上海市嘉定区安亭镇嘉二路,中国,上海市,上海市,嘉定区,嘉二路,310114,安亭镇,在同济大学嘉定校区图书馆附近,2026-04-16T19:13:20.101091,111.187.54.237
default_user,31.293036,121.21851,40.0,network,2026-04-16 19:13:17,,,,,,,,,,2026-04-16T19:13:30.030943,111.187.54.237
default_user,31.29304,121.218506,40.0,network,2026-04-16 19:13:37,中国上海市嘉定区安亭镇嘉二路,中国,上海市,上海市,嘉定区,嘉二路,310114,安亭镇,在同济大学嘉定校区图书馆附近,2026-04-16T19:13:40.174106,111.187.54.237
default_user,31.29304,121.218505,40.0,network,2026-04-16 19:13:47,中国上海市嘉定区安亭镇嘉二路,中国,上海市,上海市,嘉定区,嘉二路,310114,安亭镇,在同济大学嘉定校区图书馆附近,2026-04-16T19:13:50.178060,111.187.54.237
default_user,31.29304,121.218505,40.0,network,2026-04-16 19:13:47,,,,,,,,,,2026-04-16T19:14:00.089177,111.187.54.237
default_user,31.293036,121.21851,40.0,network,2026-04-16 19:14:07,中国上海市嘉定区安亭镇嘉二路,中国,上海市,上海市,嘉定区,嘉二路,310114,安亭镇,在同济大学嘉定校区图书馆附近,2026-04-16T19:14:10.151051,111.187.54.237
default_user,31.29304,121.218506,40.0,network,2026-04-16 19:14:17,中国上海市嘉定区安亭镇嘉二路,中国,上海市,上海市,嘉定区,嘉二路,310114,安亭镇,在同济大学嘉定校区图书馆附近,2026-04-16T19:14:20.211166,111.187.54.237
default_user,31.293036,121.21851,40.0,network,2026-04-16 19:14:27,中国上海市嘉定区安亭镇嘉二路,中国,上海市,上海市,嘉定区,嘉二路,310114,安亭镇,在同济大学嘉定校区图书馆附近,2026-04-16T19:14:30.218032,111.187.54.237
default_user,31.293036,121.21851,40.0,network,2026-04-16 19:14:27,,,,,,,,,,2026-04-16T19:14:40.167106,111.187.54.237
default_user,31.293036,121.21851,40.0,network,2026-04-16 19:14:47,中国上海市嘉定区安亭镇嘉二路,中国,上海市,上海市,嘉定区,嘉二路,310114,安亭镇,在同济大学嘉定校区图书馆附近,2026-04-16T19:14:50.292817,111.187.54.237
default_user,31.293036,121.21851,40.0,network,2026-04-16 19:14:57,中国上海市嘉定区安亭镇嘉二路,中国,上海市,上海市,嘉定区,嘉二路,310114,安亭镇,在同济大学嘉定校区图书馆附近,2026-04-16T19:15:00.348757,111.187.54.237
default_user,31.293033,121.218501,40.0,network,2026-04-16 19:15:07,中国上海市嘉定区安亭镇嘉二路,中国,上海市,上海市,嘉定区,嘉二路,310114,安亭镇,在同济大学嘉定校区图书馆附近,2026-04-16T19:15:10.434243,111.187.54.237
default_user,31.293033,121.218501,40.0,network,2026-04-16 19:15:07,,,,,,,,,,2026-04-16T19:15:20.334554,111.187.54.237
default_user,31.293052,121.218512,40.0,network,2026-04-16 19:15:27,中国上海市嘉定区安亭镇嘉二路,中国,上海市,上海市,嘉定区,嘉二路,310114,安亭镇,在同济大学嘉定校区图书馆附近,2026-04-16T19:15:30.538279,111.187.54.237
default_user,31.293033,121.218501,40.0,network,2026-04-16 19:15:37,中国上海市嘉定区安亭镇嘉二路,中国,上海市,上海市,嘉定区,嘉二路,310114,安亭镇,在同济大学嘉定校区图书馆附近,2026-04-16T19:15:40.505120,111.187.54.237
default_user,31.293033,121.218501,40.0,network,2026-04-16 19:15:37,,,,,,,,,,2026-04-16T19:15:50.419758,111.187.54.237
default_user,31.293036,121.21851,40.0,network,2026-04-16 19:15:57,中国上海市嘉定区安亭镇嘉二路,中国,上海市,上海市,嘉定区,嘉二路,310114,安亭镇,在同济大学嘉定校区图书馆附近,2026-04-16T19:16:00.780505,111.187.54.237
default_user,31.293052,121.218512,40.0,network,2026-04-16 19:16:07,中国上海市嘉定区安亭镇嘉二路,中国,上海市,上海市,嘉定区,嘉二路,310114,安亭镇,在同济大学嘉定校区图书馆附近,2026-04-16T19:16:10.514101,111.187.54.237
default_user,31.293037,121.218497,40.0,network,2026-04-16 19:16:18,中国上海市嘉定区安亭镇嘉二路,中国,上海市,上海市,嘉定区,嘉二路,310114,安亭镇,在同济大学嘉定校区图书馆附近,2026-04-16T19:16:20.579180,111.187.54.237
default_user,31.293037,121.218497,40.0,network,2026-04-16 19:16:18,,,,,,,,,,2026-04-16T19:16:30.488992,111.187.54.237
default_user,31.293036,121.21851,40.0,network,2026-04-16 19:16:38,中国上海市嘉定区安亭镇嘉二路,中国,上海市,上海市,嘉定区,嘉二路,310114,安亭镇,在同济大学嘉定校区图书馆附近,2026-04-16T19:16:40.577489,111.187.54.237
default_user,31.293036,121.21851,40.0,network,2026-04-16 19:16:38,,,,,,,,,,2026-04-16T19:16:50.596369,111.187.54.237
default_user,31.293056,121.218506,40.0,network,2026-04-16 19:16:58,中国上海市嘉定区安亭镇嘉二路,中国,上海市,上海市,嘉定区,嘉二路,310114,安亭镇,在同济大学嘉定校区图书馆附近,2026-04-16T19:17:00.709388,111.187.54.237
default_user,31.293056,121.218506,40.0,network,2026-04-16 19:16:58,,,,,,,,,,2026-04-16T19:17:10.623749,111.187.54.237
default_user,31.293051,121.218521,40.0,network,2026-04-16 19:17:18,中国上海市嘉定区安亭镇嘉二路,中国,上海市,上海市,嘉定区,嘉二路,310114,安亭镇,在同济大学嘉定校区图书馆附近,2026-04-16T19:17:20.734550,111.187.54.237
default_user,31.293052,121.21852,40.0,network,2026-04-16 19:17:28,中国上海市嘉定区安亭镇嘉二路,中国,上海市,上海市,嘉定区,嘉二路,310114,安亭镇,在同济大学嘉定校区图书馆附近,2026-04-16T19:17:30.760696,111.187.54.237
default_user,31.293052,121.21852,40.0,network,2026-04-16 19:17:28,,,,,,,,,,2026-04-16T19:17:40.705397,111.187.54.237
default_user,31.293051,121.218521,40.0,network,2026-04-16 19:17:48,中国上海市嘉定区安亭镇嘉二路,中国,上海市,上海市,嘉定区,嘉二路,310114,安亭镇,在同济大学嘉定校区图书馆附近,2026-04-16T19:17:50.914450,111.187.54.237
default_user,31.293051,121.218521,40.0,network,2026-04-16 19:17:58,中国上海市嘉定区安亭镇嘉二路,中国,上海市,上海市,嘉定区,嘉二路,310114,安亭镇,在同济大学嘉定校区图书馆附近,2026-04-16T19:18:00.892065,111.187.54.237
default_user,31.293056,121.218516,40.0,network,2026-04-16 19:18:08,中国上海市嘉定区安亭镇嘉二路,中国,上海市,上海市,嘉定区,嘉二路,310114,安亭镇,在同济大学嘉定校区图书馆附近,2026-04-16T19:18:10.922891,111.187.54.237
default_user,31.293056,121.218516,40.0,network,2026-04-16 19:18:08,,,,,,,,,,2026-04-16T19:18:20.959998,111.187.54.237
default_user,31.293049,121.218512,40.0,network,2026-04-16 19:18:28,中国上海市嘉定区安亭镇嘉二路,中国,上海市,上海市,嘉定区,嘉二路,310114,安亭镇,在同济大学嘉定校区图书馆附近,2026-04-16T19:18:30.931010,111.187.54.237
default_user,31.293049,121.218512,40.0,network,2026-04-16 19:18:28,,,,,,,,,,2026-04-16T19:18:41.202160,111.187.54.237
default_user,31.293051,121.218521,40.0,network,2026-04-16 19:18:48,中国上海市嘉定区安亭镇嘉二路,中国,上海市,上海市,嘉定区,嘉二路,310114,安亭镇,在同济大学嘉定校区图书馆附近,2026-04-16T19:18:51.063588,111.187.54.237
default_user,31.293053,121.218508,40.0,network,2026-04-16 19:18:58,中国上海市嘉定区安亭镇嘉二路,中国,上海市,上海市,嘉定区,嘉二路,310114,安亭镇,在同济大学嘉定校区图书馆附近,2026-04-16T19:19:01.085930,111.187.54.237
default_user,31.293053,121.218508,40.0,network,2026-04-16 19:18:58,,,,,,,,,,2026-04-16T19:19:11.027792,111.187.54.237
default_user,31.293056,121.218516,40.0,network,2026-04-16 19:24:59,,,,,,,,,,2026-04-16T19:25:13.510662,111.187.54.237
default_user,31.293054,121.218508,40.0,network,2026-04-16 19:25:19,中国上海市嘉定区安亭镇嘉二路,中国,上海市,上海市,嘉定区,嘉二路,310114,安亭镇,在同济大学嘉定校区图书馆附近,2026-04-16T19:25:22.103286,111.187.54.237
default_user,31.293056,121.218516,40.0,network,2026-04-16 19:25:29,中国上海市嘉定区安亭镇嘉二路,中国,上海市,上海市,嘉定区,嘉二路,310114,安亭镇,在同济大学嘉定校区图书馆附近,2026-04-16T19:25:32.120515,111.187.54.237
default_user,31.293056,121.218516,40.0,network,2026-04-16 19:25:29,,,,,,,,,,2026-04-16T19:25:42.091949,111.187.54.237
default_user,31.293052,121.218518,40.0,network,2026-04-16 19:25:49,中国上海市嘉定区安亭镇嘉二路,中国,上海市,上海市,嘉定区,嘉二路,310114,安亭镇,在同济大学嘉定校区图书馆附近,2026-04-16T19:25:52.246173,111.187.54.237
default_user,31.293056,121.218516,40.0,network,2026-04-16 19:25:59,中国上海市嘉定区安亭镇嘉二路,中国,上海市,上海市,嘉定区,嘉二路,310114,安亭镇,在同济大学嘉定校区图书馆附近,2026-04-16T19:26:02.251739,111.187.54.237
default_user,31.293056,121.218516,40.0,network,2026-04-16 19:25:59,,,,,,,,,,2026-04-16T19:26:12.171142,111.187.54.237
default_user,31.293054,121.218508,40.0,network,2026-04-16 19:26:19,中国上海市嘉定区安亭镇嘉二路,中国,上海市,上海市,嘉定区,嘉二路,310114,安亭镇,在同济大学嘉定校区图书馆附近,2026-04-16T19:26:22.269413,111.187.54.237
default_user,31.293132,121.218479,40.0,network,2026-04-16 19:26:29,中国上海市嘉定区安亭镇嘉二路,中国,上海市,上海市,嘉定区,嘉二路,310114,安亭镇,在同济大学嘉定校区图书馆附近,2026-04-16T19:26:32.441324,111.187.54.237
default_user,31.293132,121.218479,40.0,network,2026-04-16 19:26:29,,,,,,,,,,2026-04-16T19:26:42.305066,111.187.54.237
default_user,31.293159,121.218465,40.0,network,2026-04-16 19:26:50,中国上海市嘉定区安亭镇嘉二路,中国,上海市,上海市,嘉定区,嘉二路,310114,安亭镇,在同济大学嘉定校区图书馆附近,2026-04-16T19:26:52.564166,111.187.54.237
default_user,31.293159,121.218465,40.0,network,2026-04-16 19:27:06,中国上海市嘉定区安亭镇嘉二路,中国,上海市,上海市,嘉定区,嘉二路,310114,安亭镇,在同济大学嘉定校区图书馆附近,2026-04-16T19:27:09.428480,111.187.54.237
default_user,31.293159,121.218465,40.0,network,2026-04-16 19:27:18,中国上海市嘉定区安亭镇嘉二路,中国,上海市,上海市,嘉定区,嘉二路,310114,安亭镇,在同济大学嘉定校区图书馆附近,2026-04-16T19:27:21.035922,111.187.54.237
default_user,31.293143,121.218414,40.0,network,2026-04-16 19:27:39,中国上海市嘉定区安亭镇嘉二路,中国,上海市,上海市,嘉定区,嘉二路,310114,安亭镇,在同济大学嘉定校区图书馆附近,2026-04-16T19:27:42.245337,111.187.54.237
default_user,31.293142,121.218414,40.0,network,2026-04-16 19:27:51,中国上海市嘉定区安亭镇嘉二路,中国,上海市,上海市,嘉定区,嘉二路,310114,安亭镇,在同济大学嘉定校区图书馆附近,2026-04-16T19:27:53.725624,111.187.54.237
default_user,31.293143,121.218414,40.0,network,2026-04-16 19:28:09,中国上海市嘉定区安亭镇嘉二路,中国,上海市,上海市,嘉定区,嘉二路,310114,安亭镇,在同济大学嘉定校区图书馆附近,2026-04-16T19:28:12.030105,111.187.54.237
default_user,31.293143,121.218414,40.0,network,2026-04-16 19:28:28,中国上海市嘉定区安亭镇嘉二路,中国,上海市,上海市,嘉定区,嘉二路,310114,安亭镇,在同济大学嘉定校区图书馆附近,2026-04-16T19:28:30.983624,111.187.54.237
default_user,31.293142,121.218414,40.0,network,2026-04-16 19:28:44,中国上海市嘉定区安亭镇嘉二路,中国,上海市,上海市,嘉定区,嘉二路,310114,安亭镇,在同济大学嘉定校区图书馆附近,2026-04-16T19:28:46.704123,111.187.54.237
default_user,31.293143,121.218414,40.0,network,2026-04-16 19:29:00,中国上海市嘉定区安亭镇嘉二路,中国,上海市,上海市,嘉定区,嘉二路,310114,安亭镇,在同济大学嘉定校区图书馆附近,2026-04-16T19:29:03.150335,111.187.54.237
default_user,31.293143,121.218414,40.0,network,2026-04-16 19:29:16,中国上海市嘉定区安亭镇嘉二路,中国,上海市,上海市,嘉定区,嘉二路,310114,安亭镇,在同济大学嘉定校区图书馆附近,2026-04-16T19:29:19.492375,111.187.54.237
default_user,31.293143,121.218414,40.0,network,2026-04-16 19:29:30,中国上海市嘉定区安亭镇嘉二路,中国,上海市,上海市,嘉定区,嘉二路,310114,安亭镇,在同济大学嘉定校区图书馆附近,2026-04-16T19:29:33.212259,111.187.54.237
default_user,31.293054,121.218498,40.0,network,2026-04-16 19:29:45,中国上海市嘉定区安亭镇嘉二路,中国,上海市,上海市,嘉定区,嘉二路,310114,安亭镇,在同济大学嘉定校区图书馆附近,2026-04-16T19:29:47.750830,111.187.54.237
default_user,31.293143,121.218414,40.0,network,2026-04-16 19:29:59,中国上海市嘉定区安亭镇嘉二路,中国,上海市,上海市,嘉定区,嘉二路,310114,安亭镇,在同济大学嘉定校区图书馆附近,2026-04-16T19:30:01.878408,111.187.54.237
default_user,31.293143,121.218414,40.0,network,2026-04-16 19:30:12,中国上海市嘉定区安亭镇嘉二路,中国,上海市,上海市,嘉定区,嘉二路,310114,安亭镇,在同济大学嘉定校区图书馆附近,2026-04-16T19:30:15.180498,111.187.54.237
default_user,31.293037,121.218502,40.0,network,2026-04-16 19:30:28,中国上海市嘉定区安亭镇嘉二路,中国,上海市,上海市,嘉定区,嘉二路,310114,安亭镇,在同济大学嘉定校区图书馆附近,2026-04-16T19:30:31.371748,111.187.54.237
default_user,31.293039,121.21851,40.0,network,2026-04-16 19:30:41,中国上海市嘉定区安亭镇嘉二路,中国,上海市,上海市,嘉定区,嘉二路,310114,安亭镇,在同济大学嘉定校区图书馆附近,2026-04-16T19:30:44.175938,111.187.54.237
default_user,31.293037,121.218502,40.0,network,2026-04-16 19:31:01,中国上海市嘉定区安亭镇嘉二路,中国,上海市,上海市,嘉定区,嘉二路,310114,安亭镇,在同济大学嘉定校区图书馆附近,2026-04-16T19:31:04.030872,111.187.54.237
default_user,31.293039,121.21851,40.0,network,2026-04-16 19:31:32,中国上海市嘉定区安亭镇嘉二路,中国,上海市,上海市,嘉定区,嘉二路,310114,安亭镇,在同济大学嘉定校区图书馆附近,2026-04-16T19:31:34.551748,111.187.54.237
default_user,31.293037,121.218502,40.0,network,2026-04-16 19:31:49,中国上海市嘉定区安亭镇嘉二路,中国,上海市,上海市,嘉定区,嘉二路,310114,安亭镇,在同济大学嘉定校区图书馆附近,2026-04-16T19:31:51.651458,111.187.54.237
default_user,31.293039,121.218509,40.0,network,2026-04-16 19:32:04,中国上海市嘉定区安亭镇嘉二路,中国,上海市,上海市,嘉定区,嘉二路,310114,安亭镇,在同济大学嘉定校区图书馆附近,2026-04-16T19:32:07.200976,111.187.54.237
default_user,31.293252,121.218461,40.0,network,2026-04-16 19:32:44,中国上海市嘉定区安亭镇嘉二路,中国,上海市,上海市,嘉定区,嘉二路,310114,安亭镇,在同济大学嘉定校区图书馆附近,2026-04-16T19:32:47.531561,111.187.54.237
default_user,31.293039,121.21851,40.0,network,2026-04-16 19:33:33,中国上海市嘉定区安亭镇嘉二路,中国,上海市,上海市,嘉定区,嘉二路,310114,安亭镇,在同济大学嘉定校区图书馆附近,2026-04-16T19:33:36.045017,222.66.185.181
default_user,31.293037,121.218502,40.0,network,2026-04-16 19:34:37,中国上海市嘉定区安亭镇嘉二路,中国,上海市,上海市,嘉定区,嘉二路,310114,安亭镇,在同济大学嘉定校区图书馆附近,2026-04-16T19:34:39.857566,222.66.185.181
default_user,31.293039,121.21851,40.0,network,2026-04-16 19:35:32,中国上海市嘉定区安亭镇嘉二路,中国,上海市,上海市,嘉定区,嘉二路,310114,安亭镇,在同济大学嘉定校区图书馆附近,2026-04-16T19:35:34.738390,222.66.185.181
default_user,31.293036,121.218477,40.0,network,2026-04-16 19:49:53,中国上海市嘉定区安亭镇嘉二路,中国,上海市,上海市,嘉定区,嘉二路,310114,安亭镇,在同济大学嘉定校区图书馆附近,2026-04-16T19:49:55.605483,222.66.185.181
default_user,31.293077,121.218516,40.0,network,2026-04-16 19:50:02,中国上海市嘉定区安亭镇嘉二路,中国,上海市,上海市,嘉定区,嘉二路,310114,安亭镇,在同济大学嘉定校区图书馆附近,2026-04-16T19:50:04.870395,222.66.185.181
default_user,31.293054,121.218509,40.0,network,2026-04-16 19:50:17,中国上海市嘉定区安亭镇嘉二路,中国,上海市,上海市,嘉定区,嘉二路,310114,安亭镇,在同济大学嘉定校区图书馆附近,2026-04-16T19:50:20.230431,222.66.185.181
